node_id,node_type,x_coord,y_coord
1,6,116.393044,39.998
2,6,116.3945,39.99808
3,0,116.387043,39.997906
4,6,116.380397,39.997603
5,0,116.387284,39.9944
6,6,116.380464,39.994197
7,6,116.387436,39.989919
8,6,116.386807,40.002097
9,6,116.400485,40.002451
10,0,116.400644,39.998209
11,0,116.400887,39.994786
12,6,116.400887,39.990026
13,6,116.407639,39.995
14,6,116.407684,39.998848
